{"cameraMode":{"drawMode":0,"name":"Shaded","section":"Shading Mode"},"sceneLighting":true,"audioPlay":false,"sceneViewState":{"m_AlwaysRefresh":false,"showFog":true,"showSkybox":true,"showFlares":true,"showImageEffects":true,"showParticleSystems":true,"showVisualEffectGraphs":true,"m_FxEnabled":true},"in2DMode":false,"pivot":{"x":8.40359878540039,"y":29.187362670898439,"z":6.723264694213867},"rotation":{"x":-0.12197676301002503,"y":-0.17295566201210023,"z":-0.021604755893349649,"w":0.9771286249160767},"size":16.892410278320314,"orthographic":false}