{"cameraMode":{"drawMode":0,"name":"Shaded","section":"Shading Mode"},"sceneLighting":true,"audioPlay":false,"sceneViewState":{"m_AlwaysRefresh":false,"showFog":true,"showSkybox":true,"showFlares":true,"showImageEffects":true,"showParticleSystems":true,"showVisualEffectGraphs":true,"m_FxEnabled":true},"in2DMode":false,"pivot":{"x":2.8368728160858156,"y":3.7265048027038576,"z":-5.474188804626465},"rotation":{"x":0.05989699810743332,"y":-0.11175698041915894,"z":0.006721525453031063,"w":0.9919276833534241},"size":3.074796438217163,"orthographic":false}